epoch,time,train/giou_loss,train/cls_loss,train/l1_loss,metrics/precision(B),metrics/recall(B),metrics/mAP50(B),metrics/mAP50-95(B),val/giou_loss,val/cls_loss,val/l1_loss,lr/pg0,lr/pg1,lr/pg2
1,421.76,0.67153,1.07187,0.30852,0.82059,0.29009,0.285,0.14075,0.671,0.82391,0.33683,4.99273e-05,4.99273e-05,0.0501226
2,830.528,0.56456,0.65858,0.24799,0.74445,0.44726,0.45538,0.30929,0.41673,0.60217,0.20602,9.98862e-05,9.98862e-05,0.000172561
3,1239.04,0.46555,0.60467,0.21604,0.69527,0.52316,0.52426,0.3646,0.40107,0.52886,0.2008,9.98395e-05,9.98395e-05,9.98395e-05
4,1647.66,0.43664,0.56175,0.20495,0.71516,0.54633,0.55505,0.38334,0.38316,0.50941,0.18469,9.96482e-05,9.96482e-05,9.96482e-05
5,2056.21,0.43313,0.53905,0.19971,0.79763,0.55425,0.59622,0.40771,0.3766,0.49274,0.18114,9.93751e-05,9.93751e-05,9.93751e-05
6,2464.42,0.41791,0.51747,0.19163,0.65252,0.58745,0.60475,0.42259,0.38187,0.45901,0.1943,9.90247e-05,9.90247e-05,9.90247e-05
7,2872.61,0.42513,0.50663,0.18834,0.64159,0.60355,0.60999,0.4315,0.37124,0.45655,0.17558,9.85976e-05,9.85976e-05,9.85976e-05
8,3281.13,0.40906,0.49295,0.18523,0.67709,0.60848,0.62652,0.44218,0.37074,0.45638,0.17308,9.80945e-05,9.80945e-05,9.80945e-05
9,3689.43,0.41323,0.48322,0.18328,0.65808,0.60399,0.63058,0.4544,0.36533,0.44679,0.17504,9.75161e-05,9.75161e-05,9.75161e-05
10,4098.21,0.39336,0.4746,0.17973,0.70369,0.63363,0.65106,0.46658,0.36842,0.44291,0.18508,9.69405e-05,9.69405e-05,9.69405e-05
11,4507.41,0.38903,0.47135,0.17551,0.68281,0.63816,0.65805,0.47301,0.36935,0.4369,0.17839,9.6232e-05,9.6232e-05,9.6232e-05
12,4916.75,0.39291,0.46687,0.17537,0.75915,0.64311,0.68919,0.49327,0.35786,0.43187,0.16614,9.54531e-05,9.54531e-05,9.54531e-05
13,5325.46,0.3835,0.46144,0.17269,0.74451,0.64762,0.67986,0.48026,0.36507,0.42717,0.17832,9.46048e-05,9.46048e-05,9.46048e-05
14,5733.76,0.38193,0.45107,0.16941,0.7083,0.66442,0.6815,0.49102,0.3591,0.42845,0.17004,9.36886e-05,9.36886e-05,9.36886e-05
15,6142.1,0.3855,0.44517,0.16805,0.76055,0.6551,0.70298,0.50208,0.36021,0.41248,0.1729,9.27057e-05,9.27057e-05,9.27057e-05
16,6551.12,0.37571,0.44555,0.16588,0.75382,0.68544,0.70817,0.50211,0.36477,0.41921,0.18134,9.16577e-05,9.16577e-05,9.16577e-05
17,6959.64,0.38238,0.44355,0.1644,0.7686,0.65989,0.70315,0.50425,0.36032,0.41485,0.17625,9.05463e-05,9.05463e-05,9.05463e-05
18,7368.25,0.37341,0.43776,0.16235,0.78016,0.66838,0.71259,0.51257,0.3562,0.41478,0.16517,8.93732e-05,8.93732e-05,8.93732e-05
19,7777.22,0.36813,0.43213,0.16267,0.7741,0.65911,0.71007,0.5136,0.35772,0.40492,0.1714,8.81401e-05,8.81401e-05,8.81401e-05
20,8186.16,0.36732,0.43341,0.16087,0.78124,0.67885,0.71606,0.51172,0.35913,0.40311,0.17108,8.6849e-05,8.6849e-05,8.6849e-05
21,8594.01,0.36391,0.42406,0.15684,0.80347,0.67359,0.72761,0.52166,0.35875,0.40177,0.16825,8.55018e-05,8.55018e-05,8.55018e-05
22,9002.89,0.36584,0.42298,0.15564,0.76337,0.67176,0.71499,0.51094,0.35827,0.40269,0.1696,8.41006e-05,8.41006e-05,8.41006e-05
23,9411.67,0.35953,0.42239,0.15698,0.7969,0.66544,0.7058,0.51037,0.3593,0.41136,0.17091,8.26477e-05,8.26477e-05,8.26477e-05
24,9820.52,0.35627,0.41891,0.15546,0.81513,0.6592,0.71919,0.51318,0.36075,0.40253,0.17631,8.11452e-05,8.11452e-05,8.11452e-05
25,10229.3,0.35642,0.41691,0.15404,0.79373,0.69115,0.73262,0.52436,0.35577,0.40195,0.16911,7.95954e-05,7.95954e-05,7.95954e-05
26,10638,0.35837,0.41589,0.14894,0.79997,0.68266,0.72668,0.52112,0.35984,0.39983,0.17292,7.80007e-05,7.80007e-05,7.80007e-05
27,11047.2,0.3485,0.41224,0.15055,0.81255,0.68695,0.73332,0.52288,0.35628,0.39786,0.17279,7.63637e-05,7.63637e-05,7.63637e-05
28,11455.9,0.35905,0.4098,0.15441,0.77499,0.69267,0.72632,0.52387,0.36018,0.39945,0.16969,7.46868e-05,7.46868e-05,7.46868e-05
29,11864.5,0.35185,0.40828,0.1485,0.80935,0.68233,0.73061,0.52538,0.35626,0.39625,0.16861,7.29725e-05,7.29725e-05,7.29725e-05
30,12273.3,0.35153,0.40301,0.14817,0.80811,0.69552,0.73076,0.52497,0.35635,0.39561,0.17089,7.12237e-05,7.12237e-05,7.12237e-05
31,12682.3,0.34344,0.40568,0.14994,0.80739,0.69221,0.73631,0.5269,0.35393,0.39685,0.16959,6.94428e-05,6.94428e-05,6.94428e-05
32,13091.5,0.34348,0.4019,0.14791,0.82041,0.6891,0.73093,0.52431,0.35418,0.4001,0.17355,6.76328e-05,6.76328e-05,6.76328e-05
33,13500.6,0.34581,0.39915,0.14369,0.78972,0.69952,0.73163,0.52487,0.35341,0.39509,0.17021,6.57963e-05,6.57963e-05,6.57963e-05
34,13909.9,0.34412,0.39346,0.14712,0.83015,0.68621,0.73557,0.52654,0.35747,0.39227,0.17374,6.39363e-05,6.39363e-05,6.39363e-05
35,14319.3,0.34423,0.39502,0.14381,0.81016,0.6907,0.73359,0.52365,0.35792,0.39829,0.17153,6.20555e-05,6.20555e-05,6.20555e-05
36,14728.8,0.3428,0.39273,0.14328,0.85058,0.68081,0.74611,0.53424,0.35373,0.3961,0.16957,6.0157e-05,6.0157e-05,6.0157e-05
37,15138.7,0.34194,0.38948,0.1408,0.82787,0.69353,0.74098,0.52764,0.35777,0.3915,0.17586,5.82435e-05,5.82435e-05,5.82435e-05
38,15548.5,0.33398,0.3909,0.14039,0.8319,0.68652,0.74677,0.53642,0.35282,0.39286,0.16818,5.63181e-05,5.63181e-05,5.63181e-05
39,15958.5,0.33431,0.3865,0.14134,0.8209,0.70377,0.74512,0.53535,0.35321,0.39455,0.16601,5.43837e-05,5.43837e-05,5.43837e-05
40,16368,0.33716,0.38467,0.13941,0.83999,0.69097,0.74323,0.53182,0.35638,0.39478,0.16965,5.24434e-05,5.24434e-05,5.24434e-05
41,16777.3,0.33721,0.38264,0.14025,0.84498,0.70107,0.74533,0.53333,0.35504,0.39115,0.17017,5.05e-05,5.05e-05,5.05e-05
42,17186.7,0.33692,0.38153,0.1391,0.83023,0.68845,0.74123,0.52859,0.35751,0.39561,0.17131,4.85566e-05,4.85566e-05,4.85566e-05
43,17596.2,0.33053,0.37719,0.13605,0.83163,0.69132,0.74324,0.53455,0.35402,0.39284,0.16749,4.66163e-05,4.66163e-05,4.66163e-05
44,18006.1,0.33533,0.38106,0.13813,0.83753,0.69873,0.74453,0.5343,0.35595,0.39222,0.1683,4.46819e-05,4.46819e-05,4.46819e-05
45,18415.5,0.33214,0.37432,0.13322,0.82368,0.70472,0.74818,0.53848,0.35674,0.39164,0.17124,4.27565e-05,4.27565e-05,4.27565e-05
46,18825.4,0.32616,0.37674,0.13531,0.83888,0.69186,0.74872,0.53687,0.35451,0.38874,0.16788,4.0843e-05,4.0843e-05,4.0843e-05
47,19236,0.32089,0.37515,0.13407,0.85291,0.6914,0.74467,0.53622,0.35594,0.39275,0.1702,3.89445e-05,3.89445e-05,3.89445e-05
48,19645.9,0.32187,0.37356,0.13257,0.83681,0.69432,0.74377,0.5351,0.35755,0.39365,0.17139,3.70637e-05,3.70637e-05,3.70637e-05
49,20055.1,0.31964,0.37212,0.13213,0.83581,0.70411,0.74338,0.53671,0.35662,0.38995,0.17079,3.52037e-05,3.52037e-05,3.52037e-05
50,20464.7,0.32017,0.37065,0.13063,0.83203,0.69515,0.73586,0.52908,0.36048,0.39145,0.17344,3.33672e-05,3.33672e-05,3.33672e-05
51,20874.8,0.31708,0.37002,0.13362,0.80328,0.71063,0.74432,0.53396,0.35658,0.39165,0.17125,3.15572e-05,3.15572e-05,3.15572e-05
52,21285.3,0.31709,0.36741,0.1313,0.82597,0.70372,0.74597,0.53465,0.3555,0.39256,0.16885,2.97763e-05,2.97763e-05,2.97763e-05
53,21694.8,0.31863,0.36799,0.13086,0.83171,0.70829,0.74715,0.53467,0.35586,0.39299,0.17175,2.80275e-05,2.80275e-05,2.80275e-05
54,22104.4,0.31693,0.36441,0.13042,0.85628,0.68628,0.74435,0.53446,0.35966,0.39174,0.17507,2.63132e-05,2.63132e-05,2.63132e-05
55,22513.8,0.31766,0.3675,0.12978,0.84641,0.68603,0.74759,0.53646,0.35597,0.39635,0.16979,2.46363e-05,2.46363e-05,2.46363e-05
56,22923.1,0.31503,0.36278,0.12949,0.86169,0.68453,0.74239,0.53228,0.35917,0.39424,0.17382,2.29993e-05,2.29993e-05,2.29993e-05
57,23332.7,0.31509,0.35929,0.12869,0.85582,0.68846,0.74622,0.53683,0.35626,0.39485,0.16967,2.14046e-05,2.14046e-05,2.14046e-05
58,23742.3,0.31146,0.36104,0.12777,0.86114,0.68471,0.74575,0.53516,0.35726,0.39517,0.17187,1.98548e-05,1.98548e-05,1.98548e-05
59,24151.9,0.30872,0.35913,0.12664,0.85107,0.68833,0.74477,0.53411,0.3586,0.39654,0.17264,1.83523e-05,1.83523e-05,1.83523e-05
60,24561.6,0.31302,0.36205,0.12737,0.8382,0.69121,0.74723,0.53401,0.35668,0.39639,0.16983,1.68994e-05,1.68994e-05,1.68994e-05
